Title,Extracted Content,city
粤菜,丹桂轩(华侨城店),深圳
粤菜,小煵记·深圳本地菜(南新店),深圳
粤菜,翠华餐厅(宝安机场一店),深圳
粤菜,隐厨·中国菜馆(卓悦中心店),深圳
粤菜,大鸽饭(大仟里店),深圳
粤菜,小炳胜(卓悦中心店),深圳
粤菜,豪林居·潮汕菜·海鲜打冷(八卦一路店),深圳
粤菜,炳胜品味(深圳湾万象城店),深圳
粤菜,点都德(优城店),深圳
粤菜,翠园(益田假日广场店),深圳
粤菜,金翠皇宫粤菜·点心·海鲜(翡翠店),深圳
粤菜,花园里餐厅·粤湘菜·团建聚餐,深圳
粤菜,纳瓦新疆音乐餐厅(龙华店),深圳
粤菜,小炳胜(海岸城店),深圳
粤菜,陶陶居酒家(卓悦中心店),深圳
粤菜,悦满楼·西关名点·湛江名菜(航空综合大厦店),深圳
粤菜,利宝阁(嘉里店),深圳
粤菜,点都德(A8店),深圳
粤菜,露两手顺德菜(龙华店),深圳
粤菜,观海(南山深湾店),深圳
粤菜,饭聚私厨顺德菜(侨城坊店),深圳
粤菜,利宝阁(宝安壹方中心店),深圳
粤菜,点都德(大中华店),深圳
粤菜,金牌陶陶居(万象天地店),深圳
粤菜,陶陶居酒家(海雅缤纷城店),深圳
粤菜,唐宫(万象天地店),深圳
粤菜,至正潮菜(华侨城店),深圳
粤菜,维园港式茶餐厅(横岗红棉店),深圳
粤菜,台山佬黄鳝饭(水围店),深圳
粤菜,靠山·客家菜(卓悦中心店),深圳
粤菜,炳胜品味(卓悦中心店),深圳
粤菜,普语堂·臻品客家菜(华侨城创意文化园店),深圳
粤菜,陶陶居酒家(海岸城店),深圳
粤菜,极浦亭花园餐厅(福田理想城店),深圳
粤菜,蘩楼(南山信和广场店),深圳
粤菜,誉八仙茶室(万象天地店),深圳
粤菜,匠传(上梅林店),深圳
粤菜,翠园·粤菜·宴会(中航城君尚购物中心店),深圳
粤菜,潮香四海·家传潮汕菜(南山店),深圳
粤菜,唐宫(东门店),深圳
粤菜,巡味顺德菜(欢乐海岸购物中心店),深圳
粤菜,匠传(沙嘴店),深圳
粤菜,蘩楼(华强北店),深圳
粤菜,79号渔船海鲜饭店(西丽店),深圳
粤菜,先记烧鹅王·深圳本地粤菜(福永总店),深圳
自助餐,御品海宴海鲜自助餐厅(龙岗万科广场店),深圳
自助餐,龙华希尔顿逸林酒店·開全日制餐厅·蒸汽海鲜·牛扒刺...,深圳
自助餐,深圳佳兆业万豪酒店-金沙全日餐,深圳
自助餐,大渔铁板烧(佳宁娜店),深圳
自助餐,大阪烧肉BAKA一代·自助放题(龙岗店),深圳
自助餐,豪派特华美达广场酒店·西餐,深圳
自助餐,大渔铁板烧(AT Mall店),深圳
自助餐,浅锅日式和牛小锅放题(海岸城店),深圳
自助餐,深圳东海朗廷酒店秀·Silk自助餐,深圳
自助餐,深圳凯宾斯基酒店 · 四季餐厅(海岸城店),深圳
自助餐,君悦酒店·乐厨·高空自助餐,深圳
自助餐,隐秀山居酒店·秀厨融合西餐,深圳
自助餐,深圳四季酒店·馥自助餐,深圳
自助餐,百合酒店-香榭里自助餐,深圳
自助餐,韩鲜生·韩式自助烤肉火锅(海雅缤纷城店),深圳
自助餐,井格重庆火锅(购物公园店),深圳
自助餐,拉蒂娜·巴西牛排馆 Latina·Brazilian Steakhouse(海...,深圳
自助餐,牛匠屋日式炭火烧肉  自助放题(南山店),深圳
自助餐,大渔铁板烧(卓悦汇店),深圳
自助餐,中洲万豪酒店·南山尚膳自助餐,深圳
自助餐,德胜轩正宗顺德菜(宝安沙井会展中心店),深圳
自助餐,Café Chinois海鲜自助西餐厅(金茂深圳JW万豪酒店),深圳
自助餐,Fresh领鲜海鲜自助餐,深圳
自助餐,汉阳廷自助烤肉(龙华大润发店),深圳
自助餐,浅锅日式和牛小锅放题(卓悦中心店),深圳
自助餐,大桥日本料理·日式放题·铁板定食(科兴科学园店),深圳
自助餐,丽思卡尔顿酒店-FLAVORZ全日制餐厅(福华三路店),深圳
自助餐,旬野菜·寿喜烧放题(卓悦intown店),深圳
自助餐,汉阳廷自助烤肉(丹竹头星悦天地店),深圳
自助餐,大渔铁板烧(蛇口店),深圳
咖啡厅,Ramble Tree Coffee(半岛花园店),深圳
咖啡厅,FORREST COFFEE(燕南店),深圳
咖啡厅,福康CAFE&BAR,深圳
咖啡厅,BIJOU coffee&cocktail(龙岗万科广场店),深圳
咖啡厅,SHU CAFE,深圳
咖啡厅,OWN COFFEE安文咖啡,深圳
咖啡厅,The PEAT Coffee(卓悦中心店),深圳
咖啡厅,众人咖啡·PEOPLE COFFEE(翠竹店),深圳
咖啡厅,集福咖啡GIF COFFEE(八卦岭店),深圳
咖啡厅,The PEAT Coffee(创意园店),深圳
咖啡厅,Home Cafe(水榭春天店),深圳
咖啡厅,陀螺咖啡(华强北店),深圳
咖啡厅,LUCE COFFEE有光咖啡(福贸花园店),深圳
咖啡厅,MAZZO,深圳
咖啡厅,旧里堂,深圳
咖啡厅,半路咖啡(沙头角店),深圳
咖啡厅,LOTTA COFFEE(车公庙苍松店),深圳
咖啡厅,花房咖啡 FLOWER YIN COFFEE,深圳
咖啡厅,KUDDO COFFEE(G&G创意社区店),深圳
咖啡厅,风和咖啡馆(锦绣江南店),深圳
咖啡厅,MQ COFFEE STAND明谦(新洲店),深圳
咖啡厅,ANNND(新洲店),深圳
咖啡厅,Double Coffee Bar 双咖啡(新洲花园店),深圳
咖啡厅,素咫咖啡CLIFEROSE(新安店),深圳
咖啡厅,DECAMERON十日谈(中心商务大厦店),深圳
咖啡厅,川·Flowing Coffee,深圳
咖啡厅,King Coffee(福永意库店),深圳
咖啡厅,SLASHCAFE,深圳
咖啡厅,Auvers(卓悦中心店),深圳
咖啡厅,洪浪咖啡,深圳
咖啡厅,SMELLY CAT Cafe&Bar 老友记主题店,深圳
咖啡厅,Gee Coffee Roasters(华侨城店),深圳
咖啡厅,素咫咖啡CLIFEROSE(福永店),深圳
咖啡厅,KONOMI MASTER(大冲都市花园店),深圳
咖啡厅,PROZAC COFFEE,深圳
咖啡厅,VIN LONGING全日早餐(上梅林卓越城店),深圳
咖啡厅,store by .jpg(卓越时代店),深圳
咖啡厅,ADO KAFE(大学城店),深圳
咖啡厅,FORREST COFFEE(八卦岭店),深圳
咖啡厅,豪先生(JuenHo),深圳
咖啡厅,GREEN MILE CAFE,深圳
咖啡厅,AMPM Café&Brunch(深圳湾1号店),深圳
咖啡厅,Blue Concept Cafe&Farm·關於藍,深圳
咖啡厅,豆舞咖啡(民乐路店),深圳
咖啡厅,ABLUE ART COFFEE 蓝咖啡·画廊(黄贝岭店),深圳
日本菜,大渔铁板烧(领展中心城店),深圳
日本菜,日本烧肉吉之兆KITCHO(吉祥店),深圳
日本菜,鸟鹏烧鸟居酒屋(车公庙店),深圳
日本菜,大聖酒场,深圳
日本菜,笨鱼水产,深圳
日本菜,大渔铁板烧(保利文化广场店),深圳
日本菜,小島·料理(五和店),深圳
日本菜,居酒屋霞 かすみ(国贸店),深圳
日本菜,活面イケメン(南山店),深圳
日本菜,黑穗·日料(大仟里店),深圳
日本菜,四万十鳗鱼屋(万象天地店),深圳
日本菜,北纬赤醋寿司(海雅店),深圳
日本菜,藤原料理店(头文字D元素店),深圳
日本菜,大馥 · 烧肉丼饭(万象天地店),深圳
日本菜,美伦会所葡逸自助餐厅(蛇口店),深圳
日本菜,龙酒场·寿喜锅·活鳗·居酒屋(国贸店),深圳
日本菜,鸟竹·寿喜锅·居酒屋·年会·团建聚会(原鮨山店),深圳
日本菜,鮨大虎寿司·手握赤醋饭(卓悦INTOWN店),深圳
日本菜,牛角烧肉(福田COCOPark店),深圳
日本菜,本湖·鮨·日本料理,深圳
日本菜,味吉彩·日式拉面(南山店),深圳
日本菜,一朵日式料理(万象城店),深圳
日本菜,小千居酒屋(龙华店),深圳
日本菜,七的居酒屋グルメバー(石厦店),深圳
日本菜,大無烧肉(卓悦中心店),深圳
日本菜,合气屋·糖果居酒屋(上海宾馆店),深圳
日本菜,炙柒Sekinana·精致料理 烧鸟·铁板烧(海上世界店),深圳
日本菜,橙饭OrangeFUN(八卦岭店),深圳
日本菜,岚山庭·尾牙宴,深圳
日本菜,温野菜涮涮锅(欢乐海岸店),深圳
火锅,海底捞火锅(壹方城店),深圳
火锅,新起点脆肉鲩火锅(宝安南路店),深圳
火锅,海底捞火锅(同泰时代广场店),深圳
火锅,火璽,深圳
火锅,憨铁匠老火锅(龙岗万科里店),深圳
火锅,八合里牛肉火锅(海岸城店),深圳
火锅,八合里牛肉火锅(众冠时代店),深圳
火锅,香港诚意茶餐厅(新洲店),深圳
火锅,車记碳烤肥牛·团建聚餐(坪洲店),深圳
火锅,潮悦牛肉火锅店(西丽龙井店),深圳
火锅,京庄·铜锅涮(华侨城店),深圳
火锅,捞王锅物料理(深圳壹方城店),深圳
火锅,海底捞火锅(深圳卓越店),深圳
火锅,洪大厨鸡煲(福田店),深圳
火锅,润园四季椰子鸡火锅(KK Mall店),深圳
西餐,Sergio's Café 尚吉,深圳
西餐,weeknd·Bistro 周末餐,深圳
西餐,春风十里音乐餐吧(坪山店),深圳
西餐,OBSIDIAN(平安金融中心店),深圳
西餐,大梅沙京基洲际行政俱乐部蔚蓝阁餐,深圳
西餐,农畉LONFOOD(卓悦中心店),深圳
西餐,MR.ROCKY洛奇先生RESTAURANT&BAR(宝安壹方城店),深圳
西餐,107私厨·牛排馆,深圳
西餐,杂咖zacup(领展中心城店),深圳
西餐,乐意坊Alla Torre意大利手工披萨(海上世界店),深圳
西餐,星美乐(万象城店),深圳
西餐,Auvers(卓悦中心店),深圳
西餐,gaga CHEF(万象天地店),深圳
西餐,Cyclus Craft Kitchen薩克思手工厨房,深圳
西餐,曼格活海鲜火锅·牛排自助(大仟里店),深圳
西餐,Tomacado花厨(卓悦中心店),深圳
西餐,美伦会所葡逸自助餐厅(蛇口店),深圳
西餐,blend咖啡部落(燕南店),深圳
西餐,CIAO CARO乔克拉+(购物公园店),深圳
西餐,幸邻食堂,深圳
西餐,bluefrog蓝蛙(皇庭广场店),深圳
西餐,gaga(壹方城店),深圳
西餐,星美乐(万象天地店),深圳
西餐,blend咖啡部落(车公庙店),深圳
西餐,Bar Choice餐酒馆,深圳
西餐,农畉LONFOOD(福田星河COCOPark店),深圳
西餐,拾号牛扒(宝安壹方城店),深圳
西餐,巴迪奥餐吧 Patio Cafe,深圳
西餐,拾号牛扒(沙井店),深圳
西餐,V11牛扒餐厅(壹方天地店),深圳
小龙虾,江味龙虾馆(南山店),深圳
小龙虾,松哥油焖大虾·外卖(横岗店),深圳
小龙虾,松哥油焖大虾(龙华壹方天地店),深圳
小龙虾,天宝兄弟·湘菜龙虾馆(梅林直营店),深圳
小龙虾,堕落小龙虾(石岩金三角店),深圳
小龙虾,虾道.香辣蟹.海鲜(星海名城店),深圳
小龙虾,胖哥龙虾馆(华宁路店),深圳
小龙虾,2046湘味厨房(科技园海王店),深圳
小龙虾,瓦房食代·四合院湘菜馆(坂田店),深圳
小龙虾,红盔甲·小龙虾(白石洲店),深圳
小龙虾,水哥羊肉馆·烧烤-团建(观澜店),深圳
小龙虾,融汇天湘·霸王龙虾(坪地店),深圳
小龙虾,石锅鱼大排档·小龙虾(横岗店),深圳
小龙虾,食尚码头(南环路店),深圳
小龙虾,野迹·石橄榄鸡·烧烤(新洲店),深圳
鱼鲜,79号渔船海鲜饭店(岗厦店),深圳
鱼鲜,登喜路国际大酒店·柏顿餐厅(西乡店),深圳
鱼鲜,安蒂娅·海鲜自助餐厅(安蒂娅美兰酒店店),深圳
鱼鲜,松哥油焖大虾(龙华壹方天地店),深圳
鱼鲜,怡聚轩全日制自助餐厅(大中华喜来登酒店),深圳
鱼鲜,虾道.香辣蟹.海鲜(星海名城店),深圳
鱼鲜,粤菜王府·海鲜·茶市(平安金融中心店),深圳
鱼鲜,蚝味轩·生蚝海鲜烧烤小馆(水围店),深圳
鱼鲜,就是啫•顺德菜(购物公园店),深圳
鱼鲜,吴记海鲜大排档(罗湖店),深圳
鱼鲜,天天渔港·粤式海鲜酒楼(福田店),深圳
鱼鲜,深圳温德姆至尊酒店·趣味·全日制自助西餐,深圳
鱼鲜,唐宫(彩德店),深圳
鱼鲜,万荟轩餐厅·海鲜自助·中餐(深圳联投东方万怡酒店),深圳
鱼鲜,79号渔船海鲜饭店(笋岗店),深圳
烧烤烤串,通海俄式烧烤(深圳旗舰店),深圳
烧烤烤串,牛吉炭火烧(沙井店),深圳
烧烤烤串,白玉串城·朝鲜族烤串(西乡店),深圳
烧烤烤串,纳瓦新疆音乐餐厅(龙华店),深圳
烧烤烤串,犀先生·烧肉(卓悦INTOWN店),深圳
烧烤烤串,李小太·烧烤(上川路店),深圳
烧烤烤串,肉祭烧肉一番(万科里店),深圳
烧烤烤串,大梅沙京基洲际行政俱乐部蔚蓝阁餐,深圳
烧烤烤串,日本烧肉吉之兆KITCHO(吉祥店),深圳
烧烤烤串,海极鲜·海鲜·烧烤(皇岗店),深圳
烧烤烤串,江味龙虾馆(南山店),深圳
烧烤烤串,蚝老板生蚝海鲜烧烤(码头店),深圳
烧烤烤串,二把手烧烤·团建聚餐(西丽店),深圳
烧烤烤串,姜虎东白丁烤肉(壹方城店),深圳
烧烤烤串,燚青春东北泥炉烤肉(百合店),深圳
烧烤烤串,燃YEONSO韩式烤肉馆(清湖地铁站店),深圳
烧烤烤串,李小太·烧烤(西乡天虹店),深圳
烧烤烤串,板凳地摊烤肉(上梅林店),深圳
烧烤烤串,GOGIYA韩国传统烤肉(盐田壹海城店),深圳
烧烤烤串,白玉串城·朝鲜族烤串(南山店),深圳
烧烤烤串,丹东特色烤肉(翻身店),深圳
烧烤烤串,大馥 · 烧肉丼饭(万象天地店),深圳
烧烤烤串,木屋烧烤(东门一店),深圳
烧烤烤串,牛角烧肉(福田COCOPark店),深圳
烧烤烤串,黑旨烧肉(万象天地店),深圳
烧烤烤串,韩鲜生·韩式自助烤肉火锅(海雅缤纷城店),深圳
烧烤烤串,丹东特色烤肉(学府路一部店),深圳
烧烤烤串,二把手烧烤·团建聚餐(白石洲店),深圳
烧烤烤串,悟能八戒烤肉(布吉老街店),深圳
烧烤烤串,胡哥烤肥牛(南山枫叶店),深圳
烧烤烤串,嘻游记·厚切烤肉(壹方城店),深圳
烧烤烤串,巴汗羊肉串烧烤店,深圳
烧烤烤串,李记湛光蚝莊(白石洲总店),深圳
烧烤烤串,嘻游记·厚切烤肉(壹城中心店),深圳
烧烤烤串,不二田螺煲·柳州排档(梅林店),深圳
烧烤烤串,大無烧肉(卓悦中心店),深圳
烧烤烤串,肆拾壹號烤肉(龙岗店),深圳
烧烤烤串,拉蒂娜·巴西牛排馆 Latina·Brazilian Steakhouse(海...,深圳
烧烤烤串,白玉串城·朝鲜族烤串(龙华民治店),深圳
烧烤烤串,燚青春东北泥炉烤肉(坪洲总店),深圳
烧烤烤串,木屋烧烤(福田皇岗村店),深圳
烧烤烤串,青松宇大汗·碳烤羊腿(民治店),深圳
烧烤烤串,車记碳烤肥牛·团建聚餐(坪洲店),深圳
烧烤烤串,木屋烧烤(翻身路店),深圳
烧烤烤串,天台上见烧烤(白石洲店),深圳
韩国料理,常来居·烤肉·韩国料理(天欣花园店),深圳
韩国料理,屋里家延边朝鲜族料理(南园店),深圳
韩国料理,姜虎东白丁烤肉(壹方城店),深圳
韩国料理,黑山岛餐,深圳
韩国料理,燃YEONSO韩式烤肉馆(清湖地铁站店),深圳
韩国料理,新麻蒲韩国料理·韩国烤肉(福田店),深圳
韩国料理,GOGIYA韩国传统烤肉(盐田壹海城店),深圳
韩国料理,小木屋米酒店·韩国料理(深圳总店),深圳
韩国料理,白玉串城·朝鲜族烤串(南山店),深圳
韩国料理,木槿韩国料理(八卦岭店),深圳
韩国料理,姜虎东白丁烤肉(金光华店),深圳
韩国料理,食客韩国料理(南光路店),深圳
韩国料理,味乐韩国料理(南山店),深圳
韩国料理,金达莱·活烤鳗鱼·炭火烤肉(车公庙店),深圳
韩国料理,一个锅(海岸城店),深圳
韩国料理,朴鲸家正宗韩国料理(福田店),深圳
韩国料理,木槿太白山烤肉(大芬店),深圳
韩国料理,金花溪韩国料理(南海明珠店),深圳
韩国料理,車记碳烤肥牛·团建聚餐(五和店),深圳
韩国料理,佰万席烤肉·韩国料理(大浪店),深圳
韩国料理,韩国拌饭(万象天地店),深圳
韩国料理,青瓦台韩国料理烤肉(新洲店),深圳
韩国料理,幸福柚子碳火烤肉烤活鳗鱼店(车公庙店),深圳
韩国料理,黑泽烧肉(宝安店),深圳
韩国料理,双门洞·韩国料理(龙井店),深圳
韩国料理,江南本家韩国料理(横岗店),深圳
韩国料理,新村阁韩国料理,深圳
韩国料理,姜虎东白丁烤肉(福田星河COCO Park店),深圳
韩国料理,满堂园韩国料理(宝体店),深圳
韩国料理,多慕阿烤肉店(坪洲店),深圳
川菜,辣小闲·川菜烧烤(会展中心店),深圳
川菜,鸟鹏烧鸟居酒屋(国贸店),深圳
川菜,椿庐 ChunLounge(华侨城店),深圳
川菜,鸟鹏烧鸟居酒屋(梅林店),深圳
川菜,韩香亭·酱蟹·炭火烤肉(白石龙店),深圳
川菜,蚝老板生蚝海鲜烧烤(码头店),深圳
川菜,鮨心料理(南山书城店),深圳
川菜,马旺子川小馆(深圳湾万象城店),深圳
川菜,鸟鹏烧鸟居酒屋(车公庙店),深圳
川菜,江味龙虾馆(南山店),深圳
川菜,6号花园餐,深圳
川菜,渝月川菜(丹竹头英郡分店),深圳
川菜,巴蜀风·山外川(万象天地店),深圳
川菜,舞辣辣·川菜·黑豆花水煮鱼(卓悦汇店),深圳
川菜,榕意·川味之美(深业上城店),深圳
粥粉面,麺椒製麺所,深圳
粥粉面,阿殳粥馆(水围村店),深圳
粥粉面,电白鸭粥店,深圳
粥粉面,壮乡全聚福·螺蛳粉·老友粉·鸭脚煲(海润店),深圳
粥粉面,森记潮州砂锅粥(大梅沙店),深圳
粥粉面,老地方盐田肠粉,深圳
粥粉面,新一味潮汕肠粉王(梅林店),深圳
粥粉面,香港才记牛什粉面店,深圳
粥粉面,好好味面家(桃园店),深圳
粥粉面,冰村大叔·煲仔粥糖水店(梅林居店),深圳
粥粉面,周螺记·周记柳州螺蛳粉,深圳
粥粉面,越南肠粉店(光翠路店),深圳
粥粉面,My Noodle(创意文化园店),深圳
粥粉面,洪阳鱼粥,深圳
粥粉面,浪记面店(长龙店),深圳
粥粉面,壮乡全聚福·螺蛳粉·老友粉·鸭脚煲(宝安店),深圳
粥粉面,四嫂抱罗粉店与糟柏醋,深圳
粥粉面,和记砂锅粥(沙头角店),深圳
粥粉面,盛平云权鸭粥,深圳
粥粉面,志权·粉面云吞(八卦岭店),深圳
粥粉面,味滋禾轩(东门店),深圳
粥粉面,顾记老贵阳肠旺面花溪牛肉粉(科伟路店),深圳
粥粉面,春城米线(泰宁店),深圳
粥粉面,桂味道广西米粉(华强北店),深圳
粥粉面,老长沙手工米粉铺(景田店),深圳
粥粉面,汕头辉记肠粉王(皇岗总店),深圳
粥粉面,小谢家肠粉(大塘街店),深圳
粥粉面,老王小吃,深圳
粥粉面,拌粉君·锅气炒粉(星都里店),深圳
粥粉面,深大老友记勾魂螺蛳粉,深圳
饮品店,百草堂祖传凉茶铺(蛇口店),深圳
饮品店,BIJOU coffee&cocktail(龙岗万科广场店),深圳
饮品店,Riverbed河床,深圳
饮品店,茶百道(长龙店),深圳
饮品店,抹趣抹茶(领展中心城无弓店),深圳
饮品店,BeauTea水仙(coco park店),深圳
饮品店,gaga(壹方城店),深圳
饮品店,农畉LONFOOD(福田星河COCOPark店),深圳
饮品店,Bonne patisserie 浆果法式西点,深圳
饮品店,茶力的小怪兽(水围店),深圳
饮品店,gaga(深圳湾万象城店),深圳
饮品店,tea' stone(华侨城创意园店),深圳
饮品店,喜茶(深圳机场国内出发厅店),深圳
饮品店,叻冰(田面店),深圳
饮品店,玛莉叶洋菓子·蛋糕店,深圳
水果生鲜,百果园(龙华区三联2店),深圳
水果生鲜,百果园PAGODA(东城国际店),深圳
水果生鲜,PAGODA百果园(裕安花园店),深圳
水果生鲜,百果园PAGODA(登良花园店),深圳
水果生鲜,PAGODA百果园(长龙路店),深圳
水果生鲜,盐田海鲜批发市场,深圳
水果生鲜,百果园PAGODA(城市山林店),深圳
水果生鲜,百果园(南国丽城店),深圳
水果生鲜,肥姐姐腌水果(沙井总店),深圳
水果生鲜,百果园(南山市场店),深圳
水果生鲜,百果园PAGODA(罗岗路店),深圳
水果生鲜,百果园PAGODA(现代华庭店),深圳
水果生鲜,百果园(勤诚达花园店),深圳
水果生鲜,PAGODA百果园(八卦一店),深圳
水果生鲜,百果园PAGODA(中洲花园店),深圳
水果生鲜,29Fruits·甘草水果(万科广场店),深圳
水果生鲜,百果园PAGODA(新安湖店),深圳
水果生鲜,百果园PAGODA(新圳西路店),深圳
水果生鲜,蛇口市场(永利冰店),深圳
水果生鲜,PAGODA百果园(黄金豪庭店),深圳
水果生鲜,百果园(大仟里店),深圳
水果生鲜,百果园PAGODA(水围村店),深圳
水果生鲜,煌大鲜火锅烧烤食材超市(观澜店),深圳
水果生鲜,客家鱼生(坂雪岗大道店),深圳
水果生鲜,PAGODA百果园(笋岗店),深圳
水果生鲜,百果园PAGODA(中康路店),深圳
水果生鲜,南山农批市场,深圳
水果生鲜,27FRUITS甘草水果(高新园店),深圳
水果生鲜,PAGODA百果园(滨海之窗店),深圳
水果生鲜,百果园PAGODA(福源店),深圳
面馆,麺椒製麺所,深圳
面馆,香港才记牛什粉面店,深圳
面馆,九九面馆(下沙店),深圳
面馆,牛家庄牛肉面(蛇口老街店),深圳
面馆,味多燃面馆(青春家园店),深圳
面馆,彭家襄阳牛肉牛杂面馆(民清路店),深圳
面馆,长腾潮州面馆(太白路店),深圳
面馆,闽莆海鲜面馆(黄龙陂院区式管理小区店),深圳
面馆,辣滋有道面馆(布心店),深圳
面馆,粉嘟嘟粉面馆,深圳
面馆,甘食记成都肥肠粉(壹方城店),深圳
面馆,新亨手工面(东胜街店),深圳
面馆,晋心山西面(深圳北站店),深圳
面馆,卢记四川肠旺面(南油第二工业区店),深圳
面馆,潮州面馆(梅丽路店),深圳
面馆,李宜恒面馆,深圳
面馆,喜小面(梅林店),深圳
面馆,创面皇·手工面·米粉(丹竹头店),深圳
面馆,邑千穗陕西面馆(深业上城店),深圳
面馆,海乾面食馆,深圳
面馆,好厨捞面(流塘布心二村店),深圳
面馆,揭阳新亨手工面(桂花路店),深圳
面馆,金钢饸饹面(大新新村店),深圳
面馆,和府捞面(深圳北站店),深圳
面馆,捞厨好面(上梅林卓越城店),深圳
面馆,老陕biangbiang面·三哥面食馆,深圳
面馆,晋哥哥·山西手工面·铁锅焖面,深圳
面馆,东方宫中国兰州牛肉拉面(宝安南路店),深圳
面馆,西安面馆(第三分店),深圳
面馆,叶记河南烩面馆,深圳
面馆,馨西兰牛肉面·烤羊肉·涮羊肉(石厦店),深圳
面馆,蜀缘豌豆面馆(梅华路店),深圳
面馆,潮汕手工面(坪山店),深圳
面馆,虞城苏式面馆(国际商会大厦店),深圳
面馆,陈记三及第(上沙店),深圳
面馆,东北佬面菜馆,深圳
面馆,安徽牛肉板面(五和大道店),深圳
面馆,捞厨好面(布龙路店),深圳
面馆,民佳峡山酥面(振华路店),深圳
面馆,盛香源罐罐面(翻身路店),深圳
面馆,客都捞面(南山店),深圳
面馆,刁嘴巴儿重庆粉面(保税店),深圳
面馆,重庆小面(平湖店),深圳
面馆,老川记面馆,深圳
面馆,褚記老陕面馆(大梅沙店),深圳
特色菜,清远佬生态农家菜馆(布吉店),深圳
特色菜,新固乡柴火鸡(大梅沙店),深圳
特色菜,哈里哈·黑牛私厨(购物公园店),深圳
特色菜,向阳社农家炖菜馆,深圳
特色菜,荔枝园农庄,深圳
特色菜,碧源农庄(龙岗店),深圳
特色菜,庆丰农庄(大浪北路店),深圳
特色菜,裕华小菜(峰景店),深圳
特色菜,山水农庄,深圳
特色菜,湘舍壹号·良友甲鱼(福田中心区免税大厦店),深圳
特色菜,严记鲍鱼鸡(景田店),深圳
特色菜,老兵牛蹄店(下沙店),深圳
特色菜,深圳柯记餐厅(大望店),深圳
特色菜,上海中西餐厅(金融路店),深圳
特色菜,南澳新大农庄,深圳
螺蛳粉,真螺味·柳州螺蛳粉(坪地商业广场店),深圳
螺蛳粉,桂轩螺螺蛳粉(径贝店),深圳
螺蛳粉,柳州螺蛳粉(固戍店),深圳
螺蛳粉,好味道柳州螺蛳粉,深圳
螺蛳粉,浔螺记螺蛳粉(坂田店),深圳
螺蛳粉,正宗柳州螺蛳粉,深圳
螺蛳粉,七里香螺蛳粉(平湖店),深圳
螺蛳粉,柳州螺丝粉(南昌店),深圳
螺蛳粉,柳州螺蛳粉(葵涌店),深圳
螺蛳粉,柳螺香(五和店),深圳
螺蛳粉,老牌子·柳州螺蛳粉(第二分店),深圳
螺蛳粉,老牌柳州螺蛳粉(田寮店),深圳
螺蛳粉,柳州螺蛳粉,深圳
螺蛳粉,牛牛螺天下柳州螺蛳粉(松岗分店),深圳
螺蛳粉,又一站柳州螺蛳粉(和一店),深圳
食品滋补,自然派(连城新天地店),深圳
食品滋补,十八里,深圳
食品滋补,星鲜炖燕窝(领航城店),深圳
食品滋补,粒上皇(西乡盐田店),深圳
食品滋补,兔耳萌(坂田佳华店),深圳
食品滋补,鹿栗塔,深圳
食品滋补,星鲜炖燕窝(南山店),深圳
食品滋补,牛厨零食(佳兆业店),深圳
食品滋补,滋补干货城,深圳
食品滋补,燕之屋·碗燕·燕窝礼品店(车公庙店),深圳
食品滋补,栗上皇(坪洲店),深圳
食品滋补,农批滋补保健类中药材特产城,深圳
食品滋补,片仔癀体验馆(燕南路店),深圳
食品滋补,粒上皇(松园路店),深圳
食品滋补,绝味鸭脖(金光华店),深圳
